<?xml version="1.0" encoding="utf-8"?>
<spi type="execpro" name="G4 | Google ConverterMF" version="1.0" description="G4 Google Cobol To Java Converter">
   <option name="Options" type="group" subtype="normal">
      <option name="Production Environment" type="path" subtype="dir" value="CONFDEV:\G4\G4Converter\"/>
      <option name="Configuration" type="group" subtype="normal">
         <option name="Grammars" type="path" subtype="dir" value="0.1 - Grammars\" relpath="true" base="\Production Environment\"/>
         <option name="Queries" type="path" subtype="file" value="0.2 - Queries\Sigma.sql" relpath="true" base="\Production Environment\"/>
         <option name="Builtin Directory" type="path" subtype="dir" value="0.3 - Builtins\" relpath="true" base="\Production Environment\"/>
         <option name="Configuration Tables" type="path" subtype="dir" value="0.5 - Configuration Tables\" relpath="true" base="\Production Environment\"/>
      </option>
      <option name="Input" type="group" subtype="normal">
         <option name="COBOL" type="group" subtype="normal">
            <option name="COBOL Sources" type="group" subtype="input">
               <option name="COBOL Sources Directory" type="path" subtype="dir" value="1.1 - COBOL Programs\" relpath="true" base="\Production Environment\"/>
               <option name="Sub-directories" type="boolean" value="true"/>
               <option name="Include Filter" type="string" value=""/>
               <option name="Exclude Filter" type="string" value=""/>
               <option name="Language" type="choice" readonly="true" value="COBOL"/>
               <option name="Parser File" type="path" subtype="file" readonly="true" value="CobolPre" relpath="true" base="\Configuration\Grammars\"/>
               <option name="Quick-load" type="boolean" readonly="true" value="true"/>
            </option>
            <option name="COBOL Copybooks" type="group" subtype="input">
               <option name="COBOL Copybooks Directory" type="path" subtype="dir" value="1.1.1 - COBOL Copybooks\" relpath="true" base="\Production Environment\"/>
               <option name="Sub-directories" type="boolean" value="true"/>
               <option name="Include Filter" type="string" value=""/>
               <option name="Exclude Filter" type="string" value=""/>
            </option>
            <option name="COBOL DB2 Copybooks" type="group" subtype="input">
               <option name="COBOL DB2 Copybooks Directory" type="path" subtype="dir" value="1.1.2 - COBOL DB2 Copybooks\" relpath="true" base="\Production Environment\"/>
               <option name="Sub-directories" type="boolean" value="true"/>
               <option name="Include Filter" type="string" value=""/>
               <option name="Exclude Filter" type="string" value=""/>
            </option>
            <option name="COBOL BMS Copybooks" type="group" subtype="input">
               <option name="COBOL BMS Copybooks Directory" type="path" subtype="dir" value="1.1.3 - COBOL BMS Copybooks\" relpath="true" base="\Production Environment\"/>
               <option name="Sub-directories" type="boolean" value="true"/>
               <option name="Include Filter" type="string" value=""/>
               <option name="Exclude Filter" type="string" value=""/>
            </option>
         </option>
         <option name="Easytrieve" type="group" subtype="normal">
            <option name="Easytrieve Sources" type="group" subtype="input">
               <option name="Easytrieve Sources Directory" type="path" subtype="dir" value="1.2 - Easytrieve Programs\" relpath="true" base="\Production Environment\"/>
               <option name="Sub-directories" type="boolean" value="true"/>
               <option name="Include Filter" type="string" value=""/>
               <option name="Exclude Filter" type="string" value=""/>
               <option name="Language" type="choice" readonly="true" value="COBOL"/>
               <option name="Parser File" type="path" subtype="file" readonly="true" value="EasytrievePre" relpath="true" base="\Configuration\Grammars\"/>
               <option name="Quick-load" type="boolean" readonly="true" value="true"/>
            </option>
            <option name="Easytrieve Copybooks" type="group" subtype="input">
               <option name="Easytrieve Copybooks Directory" type="path" subtype="dir" value="1.2.1 - Easytrieve Macros\" relpath="true" base="\Production Environment\"/>
               <option name="Sub-directories" type="boolean" value="true"/>
               <option name="Include Filter" type="string" value=""/>
               <option name="Exclude Filter" type="string" value=""/>
            </option>
         </option>
         <option name="JCL" type="group" subtype="normal">
            <option name="Jobs" type="group" subtype="input">
               <option name="Jobs Directory" type="path" subtype="dir" value="1.2 - JCL Jobs\" relpath="true" base="\Production Environment\"/>
               <option name="Sub-directories" type="boolean" value="true"/>
               <option name="Include Filter" type="string" value=""/>
               <option name="Exclude Filter" type="string" value=""/>
               <option name="Language" type="choice" readonly="true" value="IBM JCL"/>
               <option name="Parser File" type="path" subtype="file" readonly="true" value="IbmJclPre" relpath="true" base="\Configuration\Grammars\"/>
               <option name="Quick-load" type="boolean" readonly="true" value="true"/>
            </option>
            <option name="Procedures" type="group" subtype="input">
               <option name="Procedures Directory" type="path" subtype="dir" value="1.2.1 - JCL Procedures\" relpath="true" base="\Production Environment\"/>
               <option name="Sub-directories" type="boolean" value="true"/>
               <option name="Include Filter" type="string" value=""/>
               <option name="Exclude Filter" type="string" value=""/>
               <option name="Label" type="string" subtype="unknown" value="procedures">
                  <option name="Label Directory" type="path" subtype="dir" value="" relpath="true" base="\Production Environment\"/>
                  <option name="Sub-directories" type="boolean" value="false"/>
                  <option name="Include Filter" type="string" value=""/>
                  <option name="Exclude Filter" type="string" value=""/>
               </option>
            </option>
            <option name="Includes" type="group" subtype="input">
               <option name="Includes Directory" type="path" subtype="dir" value="1.2.2 - JCL Includes\" relpath="true" base="\Production Environment\"/>
               <option name="Sub-directories" type="boolean" value="true"/>
               <option name="Include Filter" type="string" value=""/>
               <option name="Exclude Filter" type="string" value=""/>
               <option name="Label" type="string" subtype="unknown" value="copybooks">
                  <option name="Label Directory" type="path" subtype="dir" value="" relpath="true" base="\Production Environment\"/>
                  <option name="Sub-directories" type="boolean" value="false"/>
                  <option name="Include Filter" type="string" value=""/>
                  <option name="Exclude Filter" type="string" value=""/>
               </option>
            </option>
            <option name="Parameters" type="group" subtype="input">
               <option name="Parameters Directory" type="path" subtype="dir" value="1.2.3 - JCL Members\" relpath="true" base="\Production Environment\"/>
               <option name="Sub-directories" type="boolean" value="true"/>
               <option name="Include Filter" type="string" value=""/>
               <option name="Exclude Filter" type="string" value=""/>
               <option name="Label" type="string" subtype="unknown" value="members">
                  <option name="Label Directory" type="path" subtype="dir" value="" relpath="true" base="\Production Environment\"/>
                  <option name="Sub-directories" type="boolean" value="false"/>
                  <option name="Include Filter" type="string" value=""/>
                  <option name="Exclude Filter" type="string" value=""/>
               </option>
            </option>
         </option>
         <option name="MASM" type="group" subtype="normal">
            <option name="Sources" type="group" subtype="input">
               <option name="Sources Directory" type="path" subtype="dir" value="1.5 - ASM Sources\" relpath="true" base="\Production Environment\"/>
               <option name="Sub-directories" type="boolean" value="true"/>
               <option name="Include Filter" type="string" value=""/>
               <option name="Exclude Filter" type="string" value=""/>
               <option name="Language" type="choice" readonly="true" value="COBOL"/>
               <option name="Parser File" type="path" subtype="file" readonly="true" value="MasmPre" relpath="true" base="\Configuration\Grammars\"/>
               <option name="Quick-load" type="boolean" readonly="true" value="true"/>
            </option>
            <option name="Includes" type="group" subtype="input">
               <option name="Includes Directory" type="path" subtype="dir" value="1.5.1 - ASM Includes\" relpath="true" base="\Production Environment\"/>
               <option name="Sub-directories" type="boolean" value="true"/>
               <option name="Include Filter" type="string" value=""/>
               <option name="Exclude Filter" type="string" value=""/>
            </option>
         </option>
         <option name="SQL" type="group" subtype="normal">
            <option name="SQL" type="group" subtype="input">
               <option name="SQL Directory" type="path" subtype="dir" value="1.4 - DDL\" relpath="true" base="\Production Environment\"/>
               <option name="Sub-directories" type="boolean" value="true"/>
               <option name="Include Filter" type="string" value=""/>
               <option name="Exclude Filter" type="string" value=""/>
               <option name="Language" type="choice" readonly="true" value="SQL"/>
               <option name="Parser File" type="path" subtype="file" readonly="true" value="Db2Plsql" relpath="true" base="\Configuration\Grammars\"/>
               <option name="Quick-load" type="boolean" readonly="true" value="true"/>
            </option>
         </option>
         <option name="BMS" type="group" subtype="normal">
            <option name="BMS" type="group" subtype="input">
               <option name="BMS Directory" type="path" subtype="dir" value="1.6 - BMS Sources\" relpath="true" base="\Production Environment\"/>
               <option name="Sub-directories" type="boolean" value="true"/>
               <option name="Include Filter" type="string" value=""/>
               <option name="Exclude Filter" type="string" value=""/>
               <option name="Language" type="choice" readonly="true" value="IBM BMS"/>
               <option name="Parser File" type="path" subtype="file" readonly="true" value="Bms" relpath="true" base="\Configuration\Grammars\"/>
               <option name="Quick-load" type="boolean" readonly="true" value="true"/>
            </option>
         </option>
      </option>
      <option name="Input/Output" type="group" subtype="normal">
         <option name="COBOL" type="group" subtype="normal">
            <option name="COBOL Expanded" type="group" subtype="i/o">
               <option name="COBOL Expanded Directory" type="path" subtype="dir" value="2.1 - COBOL Expanded\" relpath="true" base="\Production Environment\"/>
               <option name="Sub-directories" type="boolean" value="true"/>
               <option name="Include Filter" type="string" value=""/>
               <option name="Exclude Filter" type="string" value=""/>
               <option name="Language" type="choice" readonly="true" value="COBOL"/>
               <option name="Parser File" type="path" subtype="file" readonly="true" value="Cobol" relpath="true" base="\Configuration\Grammars\"/>
               <option name="Quick-load" type="boolean" readonly="true" value="true"/>
               <option name="Create Path" type="boolean" value="true"/>
               <option name="Cleanup Path" type="boolean" value="true"/>
            </option>
            <option name="COBOL Index Maps" type="group" subtype="i/o">
               <option name="COBOL Index Maps Directory" type="path" subtype="dir" value="2.1.1 - COBOL Index Maps\" relpath="true" base="\Production Environment\"/>
               <option name="Sub-directories" type="boolean" value="true"/>
               <option name="Include Filter" type="string" value=""/>
               <option name="Exclude Filter" type="string" value=""/>
               <option name="Create Path" type="boolean" value="true"/>
               <option name="Cleanup Path" type="boolean" value="true"/>
            </option>
         </option>
         <option name="Easytrieve" type="group" subtype="normal">
            <option name="Easytrieve Expanded" type="group" subtype="i/o">
               <option name="Easytrieve Expanded Directory" type="path" subtype="dir" value="2.2 - Easytrieve Expanded\" relpath="true" base="\Production Environment\"/>
               <option name="Sub-directories" type="boolean" value="true"/>
               <option name="Include Filter" type="string" value=""/>
               <option name="Exclude Filter" type="string" value=""/>
               <option name="Language" type="choice" readonly="true" value="COBOL"/>
               <option name="Parser File" type="path" subtype="file" readonly="true" value="Easytrieve" relpath="true" base="\Configuration\Grammars\"/>
               <option name="Quick-load" type="boolean" readonly="true" value="true"/>
               <option name="Create Path" type="boolean" value="true"/>
               <option name="Cleanup Path" type="boolean" value="true"/>
            </option>
            <option name="Easytrieve Index Maps" type="group" subtype="i/o">
               <option name="Easytrieve Index Maps Directory" type="path" subtype="dir" value="2.2.1 - Easytrieve Index Maps\" relpath="true" base="\Production Environment\"/>
               <option name="Sub-directories" type="boolean" value="true"/>
               <option name="Include Filter" type="string" value=""/>
               <option name="Exclude Filter" type="string" value=""/>
               <option name="Create Path" type="boolean" value="true"/>
               <option name="Cleanup Path" type="boolean" value="true"/>
            </option>
         </option>
         <option name="JCL" type="group" subtype="normal">
            <option name="JCL Expanded" type="group" subtype="i/o">
               <option name="JCL Expanded Directory" type="path" subtype="dir" value="2.2 - JCL Expanded\" relpath="true" base="\Production Environment\"/>
               <option name="Sub-directories" type="boolean" value="true"/>
               <option name="Include Filter" type="string" value=""/>
               <option name="Exclude Filter" type="string" value=""/>
               <option name="Language" type="choice" value="IBM JCL"/>
               <option name="Parser File" type="path" subtype="file" value="JclLineParser.par" relpath="true" base="\Configuration\Grammars\"/>
               <option name="Quick-load" type="boolean" value="true"/>
               <option name="Create Path" type="boolean" value="true"/>
               <option name="Cleanup Path" type="boolean" value="true"/>
            </option>
            <option name="JCL Index Maps" type="group" subtype="i/o">
               <option name="JCL Index Maps Directory" type="path" subtype="dir" value="2.2.1 - JCL Index Maps\" relpath="true" base="\Production Environment\"/>
               <option name="Sub-directories" type="boolean" value="true"/>
               <option name="Include Filter" type="string" value=""/>
               <option name="Exclude Filter" type="string" value=""/>
               <option name="Create Path" type="boolean" value="true"/>
               <option name="Cleanup Path" type="boolean" value="true"/>
            </option>
         </option>
         <option name="MASM" type="group" subtype="normal">
            <option name="MASM Expanded" type="group" subtype="i/o">
               <option name="MASM Expanded Directory" type="path" subtype="dir" value="2.5 - ASM Expanded\" relpath="true" base="\Production Environment\"/>
               <option name="Sub-directories" type="boolean" value="true"/>
               <option name="Include Filter" type="string" value=""/>
               <option name="Exclude Filter" type="string" value=""/>
               <option name="Language" type="choice" readonly="true" value="COBOL"/>
               <option name="Parser File" type="path" subtype="file" readonly="true" value="Masm" relpath="true" base="\Configuration\Grammars\"/>
               <option name="Quick-load" type="boolean" readonly="true" value="true"/>
               <option name="Create Path" type="boolean" value="true"/>
               <option name="Cleanup Path" type="boolean" value="true"/>
            </option>
            <option name="MASM Index Maps" type="group" subtype="i/o">
               <option name="MASM Index Maps Directory" type="path" subtype="dir" value="2.5.1 - ASM Index Maps\" relpath="true" base="\Production Environment\"/>
               <option name="Sub-directories" type="boolean" value="true"/>
               <option name="Include Filter" type="string" value=""/>
               <option name="Exclude Filter" type="string" value=""/>
               <option name="Create Path" type="boolean" value="true"/>
               <option name="Cleanup Path" type="boolean" value="true"/>
            </option>
         </option>
         <option name="BMS" type="group" subtype="normal">
            <option name="BMS Expanded" type="group" subtype="i/o">
               <option name="BMS Expanded Directory" type="path" subtype="dir" value="2.6 - BMS Expanded\" relpath="true" base="\Production Environment\"/>
               <option name="Sub-directories" type="boolean" value="true"/>
               <option name="Include Filter" type="string" value=""/>
               <option name="Exclude Filter" type="string" value=""/>
               <option name="Language" type="choice" readonly="true" value="IBM BMS"/>
               <option name="Parser File" type="path" subtype="file" readonly="true" value="Bms" relpath="true" base="\Configuration\Grammars\"/>
               <option name="Quick-load" type="boolean" readonly="true" value="true"/>
               <option name="Create Path" type="boolean" value="true"/>
               <option name="Cleanup Path" type="boolean" value="true"/>
            </option>
            <option name="BMS Index Maps" type="group" subtype="i/o">
               <option name="BMS Index Maps Directory" type="path" subtype="dir" value="2.6.1 - BMS Index Maps\" relpath="true" base="\Production Environment\"/>
               <option name="Sub-directories" type="boolean" value="true"/>
               <option name="Include Filter" type="string" value=""/>
               <option name="Exclude Filter" type="string" value=""/>
               <option name="Create Path" type="boolean" value="true"/>
               <option name="Cleanup Path" type="boolean" value="true"/>
            </option>
         </option>
         <option name="General" type="group" subtype="normal">
            <option name="Dump" type="group" subtype="i/o">
               <option name="Dump Directory" type="path" subtype="dir" value="3 - Dump\" relpath="true" base="\Production Environment\"/>
               <option name="Sub-directories" type="boolean" value="true"/>
               <option name="Include Filter" type="string" value=""/>
               <option name="Exclude Filter" type="string" value=""/>
               <option name="Create Path" type="boolean" readonly="true" value="true"/>
               <option name="Cleanup Path" type="boolean" readonly="true" value="true"/>
            </option>
            <option name="Dump Conversion" type="group" subtype="i/o">
               <option name="Dump Conversion Directory" type="path" subtype="dir" value="3.1 - Dump Conversion\" relpath="true" base="\Production Environment\"/>
               <option name="Sub-directories" type="boolean" value="true"/>
               <option name="Include Filter" type="string" value=""/>
               <option name="Exclude Filter" type="string" value=""/>
               <option name="Create Path" type="boolean" value="true"/>
               <option name="Cleanup Path" type="boolean" value="true"/>
            </option>
            <option name="Upload" type="group" subtype="i/o">
               <option name="Upload Directory" type="path" subtype="dir" value="4 - Upload\" relpath="true" base="\Production Environment\"/>
               <option name="Sub-directories" type="boolean" value="true"/>
               <option name="Include Filter" type="string" readonly="true" value="*.bin"/>
               <option name="Exclude Filter" type="string" readonly="true" value=""/>
               <option name="Create Path" type="boolean" value="true"/>
               <option name="Cleanup Path" type="boolean" value="true"/>
            </option>
         </option>
      </option>
      <option name="Output" type="group" subtype="normal">
         <option name="Java" type="group" subtype="normal">
            <option name="Sources" type="group" subtype="i/o">
               <option name="Sources Directory" type="path" subtype="dir" value="5 - Java Sources\" relpath="true" base="\Production Environment\"/>
               <option name="Sub-directories" type="boolean" value="true"/>
               <option name="Include Filter" type="string" value=""/>
               <option name="Exclude Filter" type="string" value=""/>
               <option name="Create Path" type="boolean" value="true"/>
               <option name="Cleanup Path" type="boolean" value="true"/>
            </option>
         </option>
         <option name="General" type="group" subtype="normal">
            <option name="Logging" type="group" subtype="output">
               <option name="Logging Directory" type="path" subtype="dir" value="9 - Logging\" relpath="true" base="\Production Environment\"/>
               <option name="Create Path" type="boolean" value="true"/>
               <option name="Cleanup Path" type="boolean" value="false"/>
            </option>
         </option>
      </option>
      <option name="Jobs" type="group" subtype="normal">
         <option name="Preprocessing" type="group" subtype="normal">
            <option name="Preprocess COBOL" type="boolean" value="true"/>
            <option name="Preprocess Easytrieve" type="boolean" value="false"/>
            <option name="Preprocess JCL" type="boolean" value="true"/>
            <option name="Preprocess Masm" type="boolean" value="false"/>
            <option name="Preprocess Bms" type="boolean" value="false"/>
         </option>
         <option name="Parsing And Modelling" type="group" subtype="normal">
            <option name="Model COBOL" type="boolean" value="true"/>
            <option name="Model Easytrieve" type="boolean" value="false"/>
            <option name="Model JCL" type="boolean" value="true"/>
            <option name="Model MASM" type="boolean" value="false"/>
            <option name="Model SQL" type="boolean" value="false"/>
            <option name="Model BMS" type="boolean" value="false"/>
            <option name="Link Models" type="boolean" value="true"/>
         </option>
         <option name="Conversion" type="group" subtype="normal">
            <option name="Convert COBOL" type="boolean" value="true"/>
            <option name="Convert JCL" type="boolean" value="true"/>
            <option name="Convert BMS" type="boolean" value="false"/>
            <option name="Produce Java" type="boolean" value="true"/>
            <option name="Patch Java" type="boolean" value="false"/>
         </option>
         <option name="Uploading" type="group" subtype="normal">
            <option name="Dump" type="boolean" value="false"/>
            <option name="Upload" type="boolean" value="false"/>
            <option name="Enhance" type="boolean" value="false"/>
         </option>
      </option>
      <option name="Options" type="group" subtype="normal">
         <option name="Conversion" type="group" subtype="normal">
            <option name="Verbose modelling" type="boolean" value="false"/>
            <option name="Verbose linking" type="boolean" value="false"/>
            <option name="Verbose conversion" type="boolean" value="false"/>
            <option name="Debugging options" type="string" value=""/>
            <option name="Converter output patch Command" type="string" value="&quot;$proddir/apply_output_patches.bat&quot;"/>
         </option>
         <option name="Database" type="group" subtype="normal">
            <option name="Database Server Name" type="string" value="LocalHost"/>
            <option name="Database Name" type="string" value="EQF_20191017_MF"/>
            <option name="Overwrite Database" type="boolean" value="true"/>
            <option name="Server Path" type="path" subtype="dir" value=""/>
            <option name="Database Directory" type="path" subtype="dir" value=""/>
         </option>
      </option>
   </option>
</spi>